file_name	md5	size	filetype	urls	sample_id	component_files
SM-GE5Q6_E1-50_TGCAGCAGCA-CCACTGAGCT.fastq.tar	5e795a39eb17b92fb83ce73a4e97c8cf	69468160	FASTQ	gs://nemo-public/biccn/grant/u19_zeng/zeng/transcriptome/scell/SSv4/mouse/raw/VMHvl/SM-GE5Q6_E1-50_TGCAGCAGCA-CCACTGAGCT.fastq.tar,https://data.nemoarchive.org/biccn/grant/u19_zeng/zeng/transcriptome/scell/SSv4/mouse/raw/VMHvl/SM-GE5Q6_E1-50_TGCAGCAGCA-CCACTGAGCT.fastq.tar	853254099	NA;NA;NA;NA;NA
SM-GE5Q6_E1-50_CAACTGAAGC-CCATACGTAC.fastq.tar	537fe72271efaccb224eab1921c11232	56258560	FASTQ	gs://nemo-public/biccn/grant/u19_zeng/zeng/transcriptome/scell/SSv4/mouse/raw/VMHvl/SM-GE5Q6_E1-50_CAACTGAAGC-CCATACGTAC.fastq.tar,https://data.nemoarchive.org/biccn/grant/u19_zeng/zeng/transcriptome/scell/SSv4/mouse/raw/VMHvl/SM-GE5Q6_E1-50_CAACTGAAGC-CCATACGTAC.fastq.tar	853254099	NA;NA;NA;NA;NA
SM-GE5Q6_E1-50_CCTACTCTGC-GCCAATTGCA.fastq.tar	15a359d679dd8512fef895e41d9ac745	71424000	FASTQ	gs://nemo-public/biccn/grant/u19_zeng/zeng/transcriptome/scell/SSv4/mouse/raw/VMHvl/SM-GE5Q6_E1-50_CCTACTCTGC-GCCAATTGCA.fastq.tar,https://data.nemoarchive.org/biccn/grant/u19_zeng/zeng/transcriptome/scell/SSv4/mouse/raw/VMHvl/SM-GE5Q6_E1-50_CCTACTCTGC-GCCAATTGCA.fastq.tar	853254099	NA;NA;NA;NA;NA
SM-GE5Q6_E1-50_CGGAACACAA-CGGTAGAGTT.fastq.tar	1f90ca3bd9166dc56193220e46f8e798	58183680	FASTQ	gs://nemo-public/biccn/grant/u19_zeng/zeng/transcriptome/scell/SSv4/mouse/raw/VMHvl/SM-GE5Q6_E1-50_CGGAACACAA-CGGTAGAGTT.fastq.tar,https://data.nemoarchive.org/biccn/grant/u19_zeng/zeng/transcriptome/scell/SSv4/mouse/raw/VMHvl/SM-GE5Q6_E1-50_CGGAACACAA-CGGTAGAGTT.fastq.tar	853254099	NA;NA;NA;NA;NA
SM-GE5Q6_E1-50_TAGGCGAATG-TCACTGGACT.fastq.tar	210816d696a68b9d5e6cfa9a3a70fd37	71004160	FASTQ	gs://nemo-public/biccn/grant/u19_zeng/zeng/transcriptome/scell/SSv4/mouse/raw/VMHvl/SM-GE5Q6_E1-50_TAGGCGAATG-TCACTGGACT.fastq.tar,https://data.nemoarchive.org/biccn/grant/u19_zeng/zeng/transcriptome/scell/SSv4/mouse/raw/VMHvl/SM-GE5Q6_E1-50_TAGGCGAATG-TCACTGGACT.fastq.tar	853254099	NA;NA;NA;NA;NA
SM-GE5Q6_E1-50_TTGGCCGAAT-ACGACAGCCA.fastq.tar	3d9e97add681708b0cd4d0fec81aba75	62955520	FASTQ	gs://nemo-public/biccn/grant/u19_zeng/zeng/transcriptome/scell/SSv4/mouse/raw/VMHvl/SM-GE5Q6_E1-50_TTGGCCGAAT-ACGACAGCCA.fastq.tar,https://data.nemoarchive.org/biccn/grant/u19_zeng/zeng/transcriptome/scell/SSv4/mouse/raw/VMHvl/SM-GE5Q6_E1-50_TTGGCCGAAT-ACGACAGCCA.fastq.tar	853254099	NA;NA;NA;NA;NA
SM-GE5Q6_E1-50_TTCCTACGAG-CGTGCGATCA.fastq.tar	36ebf2c767deb5383fbba0421747f461	65064960	FASTQ	gs://nemo-public/biccn/grant/u19_zeng/zeng/transcriptome/scell/SSv4/mouse/raw/VMHvl/SM-GE5Q6_E1-50_TTCCTACGAG-CGTGCGATCA.fastq.tar,https://data.nemoarchive.org/biccn/grant/u19_zeng/zeng/transcriptome/scell/SSv4/mouse/raw/VMHvl/SM-GE5Q6_E1-50_TTCCTACGAG-CGTGCGATCA.fastq.tar	853254099	NA;NA;NA;NA;NA
SM-GE5Q6_E1-50_TTATTCACCG-CAACTATAGG.fastq.tar	087dbd01a041ac0efa3141bc8a726261	60088320	FASTQ	gs://nemo-public/biccn/grant/u19_zeng/zeng/transcriptome/scell/SSv4/mouse/raw/VMHvl/SM-GE5Q6_E1-50_TTATTCACCG-CAACTATAGG.fastq.tar,https://data.nemoarchive.org/biccn/grant/u19_zeng/zeng/transcriptome/scell/SSv4/mouse/raw/VMHvl/SM-GE5Q6_E1-50_TTATTCACCG-CAACTATAGG.fastq.tar	853254099	NA;NA;NA;NA;NA
SM-GE5Q6_E1-50_TCGTGACGAC-AGTTAGTCAC.fastq.tar	4d1d05455272d2cf27136af45b5808ed	77547520	FASTQ	gs://nemo-public/biccn/grant/u19_zeng/zeng/transcriptome/scell/SSv4/mouse/raw/VMHvl/SM-GE5Q6_E1-50_TCGTGACGAC-AGTTAGTCAC.fastq.tar,https://data.nemoarchive.org/biccn/grant/u19_zeng/zeng/transcriptome/scell/SSv4/mouse/raw/VMHvl/SM-GE5Q6_E1-50_TCGTGACGAC-AGTTAGTCAC.fastq.tar	853254099	NA;NA;NA;NA;NA
SM-GE5Q6_E1-50_CGTCACCTTC-CACCTCTAGA.fastq.tar	d629b9b4cca38f957e0ee33b4d0ce8c9	67737600	FASTQ	gs://nemo-public/biccn/grant/u19_zeng/zeng/transcriptome/scell/SSv4/mouse/raw/VMHvl/SM-GE5Q6_E1-50_CGTCACCTTC-CACCTCTAGA.fastq.tar,https://data.nemoarchive.org/biccn/grant/u19_zeng/zeng/transcriptome/scell/SSv4/mouse/raw/VMHvl/SM-GE5Q6_E1-50_CGTCACCTTC-CACCTCTAGA.fastq.tar	853254099	NA;NA;NA;NA;NA
SM-GE5Q6_E1-50_CAAGGATCGA-TTGTGTCTGC.fastq.tar	1145c987b459bd3c04e233c372f86461	45660160	FASTQ	gs://nemo-public/biccn/grant/u19_zeng/zeng/transcriptome/scell/SSv4/mouse/raw/VMHvl/SM-GE5Q6_E1-50_CAAGGATCGA-TTGTGTCTGC.fastq.tar,https://data.nemoarchive.org/biccn/grant/u19_zeng/zeng/transcriptome/scell/SSv4/mouse/raw/VMHvl/SM-GE5Q6_E1-50_CAAGGATCGA-TTGTGTCTGC.fastq.tar	853254099	NA;NA;NA;NA;NA
SM-GE5Q6_E1-50_AAGCGCTTAG-GTCACAGACA.fastq.tar	df6545e7acda1ffa6c730cc800be5422	63928320	FASTQ	gs://nemo-public/biccn/grant/u19_zeng/zeng/transcriptome/scell/SSv4/mouse/raw/VMHvl/SM-GE5Q6_E1-50_AAGCGCTTAG-GTCACAGACA.fastq.tar,https://data.nemoarchive.org/biccn/grant/u19_zeng/zeng/transcriptome/scell/SSv4/mouse/raw/VMHvl/SM-GE5Q6_E1-50_AAGCGCTTAG-GTCACAGACA.fastq.tar	853254099	NA;NA;NA;NA;NA
SM-GE5Q6_E1-50_AGATTAGCGT-ATATAAGGCG.fastq.tar	e9ffc18a8a189c966d3d320ae00b428f	55050240	FASTQ	gs://nemo-public/biccn/grant/u19_zeng/zeng/transcriptome/scell/SSv4/mouse/raw/VMHvl/SM-GE5Q6_E1-50_AGATTAGCGT-ATATAAGGCG.fastq.tar,https://data.nemoarchive.org/biccn/grant/u19_zeng/zeng/transcriptome/scell/SSv4/mouse/raw/VMHvl/SM-GE5Q6_E1-50_AGATTAGCGT-ATATAAGGCG.fastq.tar	853254099	NA;NA;NA;NA;NA
SM-GE5Q6_E1-50_TAATCCTCTG-CAACATACTC.fastq.tar	0527b4fffe6356aee2485a0a7e58fb40	51046400	FASTQ	gs://nemo-public/biccn/grant/u19_zeng/zeng/transcriptome/scell/SSv4/mouse/raw/VMHvl/SM-GE5Q6_E1-50_TAATCCTCTG-CAACATACTC.fastq.tar,https://data.nemoarchive.org/biccn/grant/u19_zeng/zeng/transcriptome/scell/SSv4/mouse/raw/VMHvl/SM-GE5Q6_E1-50_TAATCCTCTG-CAACATACTC.fastq.tar	853254099	NA;NA;NA;NA;NA
SM-GE5Q6_E1-50_GCAACATCAA-AACTAGGTCA.fastq.tar	74351bf428e168f5e8f8a0de89146a47	67450880	FASTQ	gs://nemo-public/biccn/grant/u19_zeng/zeng/transcriptome/scell/SSv4/mouse/raw/VMHvl/SM-GE5Q6_E1-50_GCAACATCAA-AACTAGGTCA.fastq.tar,https://data.nemoarchive.org/biccn/grant/u19_zeng/zeng/transcriptome/scell/SSv4/mouse/raw/VMHvl/SM-GE5Q6_E1-50_GCAACATCAA-AACTAGGTCA.fastq.tar	853254099	NA;NA;NA;NA;NA
SM-GE5Q6_E1-50_AACCGAAGGA-CTTCAGCATA.fastq.tar	720297f6d6be5493bd36423c313322d4	65761280	FASTQ	gs://nemo-public/biccn/grant/u19_zeng/zeng/transcriptome/scell/SSv4/mouse/raw/VMHvl/SM-GE5Q6_E1-50_AACCGAAGGA-CTTCAGCATA.fastq.tar,https://data.nemoarchive.org/biccn/grant/u19_zeng/zeng/transcriptome/scell/SSv4/mouse/raw/VMHvl/SM-GE5Q6_E1-50_AACCGAAGGA-CTTCAGCATA.fastq.tar	853254099	NA;NA;NA;NA;NA
SM-GE5Q6_E1-50_CTGGATTACT-TAGCACACTT.fastq.tar	9ccfe738ad394440738c9b90fd933fc1	63150080	FASTQ	gs://nemo-public/biccn/grant/u19_zeng/zeng/transcriptome/scell/SSv4/mouse/raw/VMHvl/SM-GE5Q6_E1-50_CTGGATTACT-TAGCACACTT.fastq.tar,https://data.nemoarchive.org/biccn/grant/u19_zeng/zeng/transcriptome/scell/SSv4/mouse/raw/VMHvl/SM-GE5Q6_E1-50_CTGGATTACT-TAGCACACTT.fastq.tar	853254099	NA;NA;NA;NA;NA
SM-GE5Q6_E1-50_ACTCGTCCAG-ACGAGGACCA.fastq.tar	46863f2ce73fcdefe670a795638a85f1	74444800	FASTQ	gs://nemo-public/biccn/grant/u19_zeng/zeng/transcriptome/scell/SSv4/mouse/raw/VMHvl/SM-GE5Q6_E1-50_ACTCGTCCAG-ACGAGGACCA.fastq.tar,https://data.nemoarchive.org/biccn/grant/u19_zeng/zeng/transcriptome/scell/SSv4/mouse/raw/VMHvl/SM-GE5Q6_E1-50_ACTCGTCCAG-ACGAGGACCA.fastq.tar	853254099	NA;NA;NA;NA;NA
SM-GE5Q6_E1-50_ACAACACACA-AGTGCCGATG.fastq.tar	3e47af1e4e0eb32ab9f711ca768a69a5	46899200	FASTQ	gs://nemo-public/biccn/grant/u19_zeng/zeng/transcriptome/scell/SSv4/mouse/raw/VMHvl/SM-GE5Q6_E1-50_ACAACACACA-AGTGCCGATG.fastq.tar,https://data.nemoarchive.org/biccn/grant/u19_zeng/zeng/transcriptome/scell/SSv4/mouse/raw/VMHvl/SM-GE5Q6_E1-50_ACAACACACA-AGTGCCGATG.fastq.tar	853254099	NA;NA;NA;NA;NA
SM-GE5Q6_E1-50_CCGTGAGTTC-TCATACCAAG.fastq.tar	565b33859c46945f4a9ecb4caa376f65	61624320	FASTQ	gs://nemo-public/biccn/grant/u19_zeng/zeng/transcriptome/scell/SSv4/mouse/raw/VMHvl/SM-GE5Q6_E1-50_CCGTGAGTTC-TCATACCAAG.fastq.tar,https://data.nemoarchive.org/biccn/grant/u19_zeng/zeng/transcriptome/scell/SSv4/mouse/raw/VMHvl/SM-GE5Q6_E1-50_CCGTGAGTTC-TCATACCAAG.fastq.tar	853254099	NA;NA;NA;NA;NA